dataset,rule,mae,rmse,mase
co2,persistence,1.210797546012269,1.358241826368082,1.127381721273368
co2,seasonal_naive,2.545582822085889,2.624933186412338,2.3702092501416643
sunspots,persistence,14.219141914191418,20.25620224457036,0.7073704697763095
power,persistence,0.19931885401524585,0.27769347938850913,0.6913019433063218
power,seasonal_naive,0.2447485225386882,0.3303924882246117,0.8488666568362095
retail,persistence,7.068539325842697,11.416295272670945,1.3543315227042185
retail,seasonal_naive,3.9775280898876404,5.736831525768922,0.7620940375731892
rain,persistence,39.57368421052631,49.08976203692686,1.056479585391919
rain,seasonal_naive,42.041228070175436,51.70660991374246,1.1223544152386955
