dataset,architecture,seed,hidden,learning_rate,parameters,epochs,targets,mae,rmse,mase
co2,elman,11,18,0.003,379,286,163,0.3300197391531907,0.403797948071355,0.30728359402946953
co2,elman,23,18,0.003,379,286,163,0.3298392468910251,0.4324667699739595,0.3071155364728062
co2,elman,37,18,0.003,379,286,163,0.3240449134283231,0.4068086828573208,0.30172039369742876
co2,jordan,11,96,0.01,385,69,163,0.6523514374651754,0.8515351880837307,0.6074088016339546
co2,jordan,23,96,0.01,385,69,163,0.6486208765930889,0.8452596434674993,0.6039352513685616
co2,jordan,37,96,0.01,385,69,163,0.6722752068781381,0.8544587846939451,0.6259599570513211
co2,multi,11,18,0.01,397,64,163,0.3287988926278277,0.40704353502954105,0.3061468556360797
co2,multi,23,18,0.01,397,64,163,0.32717160611613166,0.4026202572360817,0.3046316782436222
co2,multi,37,18,0.01,397,64,163,0.31731652498610624,0.3875410930127261,0.29545554606178165
sunspots,elman,11,18,0.01,379,14,303,13.358334063539411,18.61107582275613,0.6645472067849525
sunspots,elman,23,18,0.01,379,14,303,13.351698821920767,18.738924611034296,0.6642171183725023
sunspots,elman,37,18,0.01,379,14,303,13.528457900950619,18.878259301774634,0.6730104867434715
sunspots,jordan,11,96,0.01,385,10,303,14.352936015113354,19.76645760054981,0.7140264266964659
sunspots,jordan,23,96,0.01,385,10,303,14.837049510691424,19.705266792102872,0.7381099890421184
sunspots,jordan,37,96,0.01,385,10,303,13.90779596712723,19.335989583282036,0.6918817060965591
sunspots,multi,11,18,0.01,397,11,303,13.651993588488487,19.286704137942948,0.6791561105690969
sunspots,multi,23,18,0.01,397,11,303,13.391023941795424,18.71358699958864,0.6661734550268248
sunspots,multi,37,18,0.01,397,11,303,13.492905713071918,18.875923681419994,0.671241845007346
power,elman,11,18,0.01,379,17,276,0.17102212017280455,0.23828938566879718,0.5931597620703952
power,elman,23,18,0.01,379,17,276,0.1664978079155359,0.23228977131875428,0.5774679908577472
power,elman,37,18,0.01,379,17,276,0.16917989289210794,0.23605833661886394,0.5867703248771627
power,jordan,11,96,0.01,385,28,276,0.16792416946664507,0.2289876953239228,0.5824150718401804
power,jordan,23,96,0.01,385,28,276,0.2004446397652668,0.25613276503190185,0.6952065306599924
power,jordan,37,96,0.01,385,28,276,0.22053463564463358,0.27827783766394254,0.7648851030210393
power,multi,11,18,0.01,397,15,276,0.16973382412783752,0.23649076379754605,0.5886915367043623
power,multi,23,18,0.01,397,15,276,0.17451016247486603,0.24224677652654628,0.6052574155195031
power,multi,37,18,0.01,397,15,276,0.17342108637805795,0.2402752190784571,0.6014801490594305
retail,elman,11,8,0.01,89,19,89,3.4259122873959913,5.095545726526423,0.6564044975850729
retail,elman,23,8,0.01,89,19,89,3.4621098791615346,5.162895015094818,0.6633399530326819
retail,elman,37,8,0.01,89,19,89,3.4844399094581604,5.155102827535586,0.6676183849037608
retail,jordan,11,96,0.01,385,12,89,3.404353375649184,5.090231631886052,0.6522738119613611
retail,jordan,23,96,0.01,385,12,89,3.3018178350470038,4.9691993466862305,0.6326280112614414
retail,jordan,37,96,0.01,385,12,89,3.5414765005701048,5.303901659551901,0.6785465908215073
retail,multi,11,18,0.003,397,14,89,3.4513989102974363,5.18494180110605,0.661287732325878
retail,multi,23,18,0.003,397,14,89,3.529309410727426,5.274253271364747,0.6762153774613058
retail,multi,37,18,0.003,397,14,89,3.5044123780861325,5.25189056383535,0.6714451081632878
rain,elman,11,18,0.01,379,12,228,30.39582803291187,37.91571980742498,0.8114627798367354
rain,elman,23,18,0.01,379,12,228,29.40867332993892,36.50320150220573,0.7851091862272443
rain,elman,37,18,0.01,379,12,228,30.22171103494209,37.262907953455226,0.8068144622111587
rain,jordan,11,24,0.003,97,8,228,31.6564393294485,38.90387254559264,0.8451167124051653
rain,jordan,23,24,0.003,97,8,228,31.39676983481959,38.609719584317816,0.8381844409854751
rain,jordan,37,24,0.003,97,8,228,31.310016699004592,38.65846356497536,0.835868434306145
rain,multi,11,18,0.003,397,17,228,30.98086648907578,38.21198730831112,0.8270812696977824
rain,multi,23,18,0.003,397,17,228,30.37559711723997,37.632509404523425,0.8109226848259338
rain,multi,37,18,0.003,397,17,228,31.298451125830937,38.41982269281106,0.8355596737700695
