dataset,architecture,hidden,learning_rate,mean_validation_mae,parameter_count,epochs,cap_limited_fits
co2,elman,18,0.003,0.25628381162227837,379,286,0
co2,jordan,96,0.01,0.5746995030682859,385,69,0
co2,multi,18,0.01,0.2704814420675227,397,64,0
sunspots,elman,18,0.01,18.992990835946305,379,14,0
sunspots,jordan,96,0.01,18.921694924394554,385,10,0
sunspots,multi,18,0.01,18.993320478561433,397,11,0
power,elman,18,0.01,0.21155645523086763,379,17,0
power,jordan,96,0.01,0.219081807296575,385,28,0
power,multi,18,0.01,0.2122285399567472,397,15,0
retail,elman,8,0.01,1.3951780203315953,89,19,0
retail,jordan,96,0.01,1.3826419135235781,385,12,0
retail,multi,18,0.003,1.4268999547067318,397,14,0
rain,elman,18,0.01,29.427084456921552,379,12,0
rain,jordan,24,0.003,29.695069550631345,97,8,0
rain,multi,18,0.003,29.790388579489427,397,17,0
